<?xml version="1.0" encoding="UTF-8"?>
<project-private xmlns="http://www.netbeans.org/ns/project-private/1">
    <editor-bookmarks xmlns="http://www.netbeans.org/ns/editor-bookmarks/2" lastBookmarkId="0"/>
    <open-files xmlns="http://www.netbeans.org/ns/projectui-open-files/2">
        <group>
            <file>file:/C:/Users/Arnold/Desktop/Question%203%20final/src/question/pkg3/pkgfinal/Delivery_Details.java</file>
            <file>file:/C:/Users/Arnold/Desktop/Question%203%20final/src/question/pkg3/pkgfinal/Question3Final.java</file>
        </group>
    </open-files>
</project-private>
